topic,year,author,title,paper,note,tags,status
DOX,2018,Katti,Chargrid_Towards Understanding 2D Documents,./files/DOX/[2018 @sap Katti] Chargrid_Towards Understanding 2D Documents.pdf,,sap,
DOX,2019,Xu,LayoutLM_Pre-training of Text and Layout for Document Image Understanding,./files/DOX/[2019 @microsoft Xu] LayoutLM_Pre-training of Text and Layout for Document Image Understanding.pdf,,microsoft,
DOX,2020,Reisswig,Chargrid-OCR_End-to-end Trainable Optical Character Recognition for Printed Documents using Instance Segmentation,./files/DOX/[2020 @sap Reisswig] Chargrid-OCR_End-to-end Trainable Optical Character Recognition for Printed Documents using Instance Segmentation.pdf,,sap,
DOX,2020,Li,A Survey on Deep Learning for Named Entity Recognition,./files/DOX/[2020 Li] A Survey on Deep Learning for Named Entity Recognition.pdf,,,
DOX,2021,Li,TrOCR_Transformer-based Optical Character Recognition with Pre-trained Models,./files/DOX/[2021 @microsoft Li] TrOCR_Transformer-based Optical Character Recognition with Pre-trained Models.pdf,,microsoft,
DOX,2022,Wang,LiLT_A Simple yet Effective Language-Independent Layout Transformer for Structured Document Understanding,./files/DOX/[2022 @acl Wang] LiLT_A Simple yet Effective Language-Independent Layout Transformer for Structured Document Understanding.pdf,,acl,
DOX,2022,Pfitzmann,DocLayNet_A Large Human-Annotated Dataset for Document-Layout Analysis,./files/DOX/[2022 @ibm Pfitzmann] DocLayNet_A Large Human-Annotated Dataset for Document-Layout Analysis.pdf,,ibm,
DOX,2023,Ren,Retrieve-and-Sample_Document-level Event Argument Extraction via Hybrid Retrieval Augmentation,./files/DOX/[2023 @acl Ren] Retrieve-and-Sample_Document-level Event Argument Extraction via Hybrid Retrieval Augmentation.pdf,,acl,
DOX,2023,Tang,"Unifying Vision, Text, and Layout for Universal Document Processing","./files/DOX/[2023 @cvpr @microsoft Tang] Unifying Vision, Text, and Layout for Universal Document Processing.pdf",,microsoft,
DOX,2023,Yu,DocumentNet_Bridging the Data Gap in Document Pre-Training,./files/DOX/[2023 @emnlp Yu] DocumentNet_Bridging the Data Gap in Document Pre-Training.pdf,,emnlp,
DOX,2023,Blecher,Nougat_Neural Optical Understanding for Academic Documents,./files/DOX/[2023 @meta Blecher] Nougat_Neural Optical Understanding for Academic Documents.pdf,,meta,
DOX,2023,Han,ChartLlama_A Multimodal LLM for Chart Understanding and Generation,./files/DOX/[2023 Han] ChartLlama_A Multimodal LLM for Chart Understanding and Generation.pdf,,,
DOX,2023,Masry,UniChart_A Universal Vision-language Pretrained Model for Chart Comprehension and Reasoning,./files/DOX/[2023 Masry] UniChart_A Universal Vision-language Pretrained Model for Chart Comprehension and Reasoning.pdf,,,
DOX,2023,Ozyurt,Document-Level In-Context Few-Shot Relation Extraction via Pre-Trained Language Models,./files/DOX/[2023 Ozyurt] Document-Level In-Context Few-Shot Relation Extraction via Pre-Trained Language Models.pdf,,,
DOX,2023,Wang,Layout and Task Aware Instruction Prompt for Zero-shot Document Image Question Answering,./files/DOX/[2023 Wang] Layout and Task Aware Instruction Prompt for Zero-shot Document Image Question Answering.pdf,,,
DOX,2023,Wang,VRDU_A Benchmark for Visually-rich Document Understanding,./files/DOX/[2023 Wang] VRDU_A Benchmark for Visually-rich Document Understanding.pdf,,,
DOX,2024,Hu,DocMamba_Efficient Document Pre-training with State Space Model,./files/DOX/[2024 @aaai Hu] DocMamba_Efficient Document Pre-training with State Space Model.pdf,,aaai,
DOX,2024,Wang,Knowledge Graph Prompting for Multi-Document Question Answering,./files/DOX/[2024 @aaai Wang] Knowledge Graph Prompting for Multi-Document Question Answering.pdf,,aaai,
DOX,2024,Wang,DAPR_A Benchmark on Document-Aware Passage Retrieval,./files/DOX/[2024 @acl @cohere Wang] DAPR_A Benchmark on Document-Aware Passage Retrieval.pdf,,cohere,
DOX,2024,Deng,Document-level Claim Extraction and Decontextualisation for Fact-Checking,./files/DOX/[2024 @acl Deng] Document-level Claim Extraction and Decontextualisation for Fact-Checking.pdf,,acl,
DOX,2024,Gao,TTM-RE_Memory-Augmented Document-Level Relation Extraction,./files/DOX/[2024 @acl Gao] TTM-RE_Memory-Augmented Document-Level Relation Extraction.pdf,,acl,
DOX,2024,Li,Hypergraph based Understanding for Document Semantic Entity Recognition,./files/DOX/[2024 @acl Li] Hypergraph based Understanding for Document Semantic Entity Recognition.pdf,,acl,
DOX,2024,Min,Synergetic Event Understanding_A Collaborative Approach to Cross-Document Event Coreference Resolution with Large Language Models,./files/DOX/[2024 @acl Min] Synergetic Event Understanding_A Collaborative Approach to Cross-Document Event Coreference Resolution with Large Language Models.pdf,,acl,
DOX,2024,Na,Reward-based Input Construction for Cross-document Relation Extraction,./files/DOX/[2024 @acl Na] Reward-based Input Construction for Cross-document Relation Extraction.pdf,,acl,
DOX,2024,Qi,End-to-end Learning of Logical Rules for Enhancing Document-level Relation Extraction,./files/DOX/[2024 @acl Qi] End-to-end Learning of Logical Rules for Enhancing Document-level Relation Extraction.pdf,,acl,
DOX,2024,Wang,DocLLM_A layout-aware generative language model for multimodal document understanding,./files/DOX/[2024 @acl Wang] DocLLM_A layout-aware generative language model for multimodal document understanding.pdf,,acl,
DOX,2024,Xhen,MetaSumPerceiver_Multimodal Multi-Document Evidence Summarization for Fact-Checking,./files/DOX/[2024 @acl Xhen] MetaSumPerceiver_Multimodal Multi-Document Evidence Summarization for Fact-Checking.pdf,,acl,
DOX,2024,Zhao,DocMath-Eval_Evaluating Math Reasoning Capabilities of LLMs in Understanding Financial Documents,./files/DOX/[2024 @acl Zhao] DocMath-Eval_Evaluating Math Reasoning Capabilities of LLMs in Understanding Financial Documents.pdf,,acl,
DOX,2024,Zhou,LLMs Learn Task Heuristics from Demonstrations_A Heuristic-Driven Prompting Strategy for Document-Level Event Argument Extraction,./files/DOX/[2024 @acl Zhou] LLMs Learn Task Heuristics from Demonstrations_A Heuristic-Driven Prompting Strategy for Document-Level Event Argument Extraction.pdf,,acl,
DOX,2024,Zhu,"FanOutQA_A Multi-Hop, Multi-Document Question Answering Benchmark for Large Language Models","./files/DOX/[2024 @acl Zhu] FanOutQA_A Multi-Hop, Multi-Document Question Answering Benchmark for Large Language Models.pdf",,acl,
DOX,2024,Liao,DocLayLLM_An Efficient and Effective Multi-modal Extension of Large Language Models for Text-rich Document Understanding,./files/DOX/[2024 @alibaba Liao] DocLayLLM_An Efficient and Effective Multi-modal Extension of Large Language Models for Text-rich Document Understanding.pdf,,alibaba,
DOX,2024,Luo,LayoutLLM_Layout Instruction Tuning with Large Language Models for Document Understanding,./files/DOX/[2024 @alibaba Luo] LayoutLLM_Layout Instruction Tuning with Large Language Models for Document Understanding.pdf,,alibaba,
DOX,2024,Wan,"OmniParser_A Unified Framework for Text Spotting, Key Information Extraction and Table Recognition","./files/DOX/[2024 @alibaba Wan] OmniParser_A Unified Framework for Text Spotting, Key Information Extraction and Table Recognition.pdf",,alibaba,
DOX,2024,Sinha,"Guiding Vision-Language Model Selection for Visual Question-Answering Across Tasks, Domains, and Knowledge Types","./files/DOX/[2024 @amazon @stanford Sinha] Guiding Vision-Language Model Selection for Visual Question-Answering Across Tasks, Domains, and Knowledge Types.pdf",,stanford,
DOX,2024,Liao,DocTr_Document Transformer for Structured Information Extraction in Documents,./files/DOX/[2024 @aws Liao] DocTr_Document Transformer for Structured Information Extraction in Documents.pdf,,aws,
DOX,2024,Morris,Contextual Document Embeddings,./files/DOX/[2024 @cornell Morris] Contextual Document Embeddings.pdf,,cornell,
DOX,2024,Yang,FIZZ_Factual Inconsistency Detection by Zoom-in Summary and Zoom-out Document,./files/DOX/[2024 @emnlp @adobe Yang] FIZZ_Factual Inconsistency Detection by Zoom-in Summary and Zoom-out Document.pdf,,adobe,
DOX,2024,Hu,mPLUG-DocOwl 1.5_Unified Structure Learning for OCR-free Document Understanding,./files/DOX/[2024 @emnlp @alibaba Hu] mPLUG-DocOwl 1.5_Unified Structure Learning for OCR-free Document Understanding.pdf,,alibaba,
DOX,2024,Wang,Leave No Document Behind_Benchmarking Long-Context LLMs with Extended Multi-Doc QA,./files/DOX/[2024 @emnlp @alibaba Wang] Leave No Document Behind_Benchmarking Long-Context LLMs with Extended Multi-Doc QA.pdf,,alibaba,
DOX,2024,Chen,MDCR_A Dataset for Multi-Document Conditional Reasoning,./files/DOX/[2024 @emnlp @aws Chen] MDCR_A Dataset for Multi-Document Conditional Reasoning.pdf,,aws,
DOX,2024,Buchmann,Attribute or Abstain_Large Language Models as Long Document Assistants,./files/DOX/[2024 @emnlp Buchmann] Attribute or Abstain_Large Language Models as Long Document Assistants.pdf,,emnlp,
DOX,2024,Ma,Unifying Multimodal Retrieval via Document Screenshot Embedding,./files/DOX/[2024 @emnlp Ma] Unifying Multimodal Retrieval via Document Screenshot Embedding.pdf,,emnlp,
DOX,2024,Mass,More Bang for your Context_Virtual Documents for Question Answering over Long Documents,./files/DOX/[2024 @emnlp Mass] More Bang for your Context_Virtual Documents for Question Answering over Long Documents.pdf,,emnlp,
DOX,2024,Phogat,Fine-tuning Smaller Language Models for Question Answering over Financial Documents,./files/DOX/[2024 @emnlp Phogat] Fine-tuning Smaller Language Models for Question Answering over Financial Documents.pdf,,emnlp,
DOX,2024,Ye,"GlobeSumm_A Challenging Benchmark Towards Unifying Multi-lingual, Cross-lingual and Multi-document News Summarization","./files/DOX/[2024 @emnlp Ye] GlobeSumm_A Challenging Benchmark Towards Unifying Multi-lingual, Cross-lingual and Multi-document News Summarization.pdf",,emnlp,
DOX,2024,Zhang,Modeling Layout Reading Order as Ordering Relations for Visually-rich Document Understanding,./files/DOX/[2024 @emnlp Zhang] Modeling Layout Reading Order as Ordering Relations for Visually-rich Document Understanding.pdf,,emnlp,
DOX,2024,Zhuang,PromptReps_Prompting Large Language Models to Generate Dense and Sparse Representations for Zero-Shot Document Retrieval,./files/DOX/[2024 @emnlp Zhuang] PromptReps_Prompting Large Language Models to Generate Dense and Sparse Representations for Zero-Shot Document Retrieval.pdf,,emnlp,
DOX,2024,Perot,LMDX_Language Model-based Document Information Extraction and Localization,./files/DOX/[2024 @google Perot] LMDX_Language Model-based Document Information Extraction and Localization.pdf,,google,
DOX,2024,Li,ChuLo_Chunk-Level Key Information Representation for Long Document Processing,./files/DOX/[2024 @iclr Li] ChuLo_Chunk-Level Key Information Representation for Long Document Processing.pdf,,iclr,
DOX,2024,Wang,DLAFormer_An End-to-End Transformer For Document Layout Analysis,./files/DOX/[2024 @microsoft Wang] DLAFormer_An End-to-End Transformer For Document Layout Analysis.pdf,,microsoft,
DOX,2024,Xia,Vision Language Models for Spreadsheet Understanding_Challenges and Opportunities,./files/DOX/[2024 @microsoft Xia] Vision Language Models for Spreadsheet Understanding_Challenges and Opportunities.pdf,,microsoft,
DOX,2024,Lin,"PEneo_Unifying Line Extraction, Line Grouping, and Entity Linking for End-to-end Document Pair Extraction","./files/DOX/[2024 @mm Lin] PEneo_Unifying Line Extraction, Line Grouping, and Entity Linking for End-to-end Document Pair Extraction.pdf",,mm,
DOX,2024,Zhang,"Document Parsing Unveiled_Techniques, Challenges, and Prospects for Structured Information Extraction","./files/DOX/[2024 @sail Zhang] Document Parsing Unveiled_Techniques, Challenges, and Prospects for Structured Information Extraction.pdf",,sail,
DOX,2024,Abdallah,CORU_Comprehensive Post-OCR Parsing and Receipt Understanding Dataset,./files/DOX/[2024 Abdallah] CORU_Comprehensive Post-OCR Parsing and Receipt Understanding Dataset.pdf,,,
DOX,2024,Abdallah,Transformers and Language Models in Form Understanding_A Comprehensive Review of Scanned Document Analysis,./files/DOX/[2024 Abdallah] Transformers and Language Models in Form Understanding_A Comprehensive Review of Scanned Document Analysis.pdf,,,
DOX,2024,Adhikari,A Comparative Study of PDF Parsing Tools Across Diverse Document Categories,./files/DOX/[2024 Adhikari] A Comparative Study of PDF Parsing Tools Across Diverse Document Categories.pdf,,,
DOX,2024,Biswas,DocSynthv2_A Practical Autoregressive Modeling for Document Generation,./files/DOX/[2024 Biswas] DocSynthv2_A Practical Autoregressive Modeling for Document Generation.pdf,,,
DOX,2024,Boytsov,Understanding Performance of Long-Document Ranking Models through Comprehensive Evaluation and Leaderboarding,./files/DOX/[2024 Boytsov] Understanding Performance of Long-Document Ranking Models through Comprehensive Evaluation and Leaderboarding.pdf,,,
DOX,2024,Bronnec,LOCOST_State-Space Models for Long Document Abstractive Summarization,./files/DOX/[2024 Bronnec] LOCOST_State-Space Models for Long Document Abstractive Summarization.pdf,,,
DOX,2024,Cho,M3DocRAG_Multi-modal Retrieval is What You Need for Multi-page Multi-document Understanding,./files/DOX/[2024 Cho] M3DocRAG_Multi-modal Retrieval is What You Need for Multi-page Multi-document Understanding.pdf,,,
DOX,2024,Choi,Model-based Preference Optimization in Abstractive Summarization without Human Feedback,./files/DOX/[2024 Choi] Model-based Preference Optimization in Abstractive Summarization without Human Feedback.pdf,,,
DOX,2024,Constantinou,Out-of-Distribution Detection with Attention Head Masking for Multimodal Document Classification,./files/DOX/[2024 Constantinou] Out-of-Distribution Detection with Attention Head Masking for Multimodal Document Classification.pdf,,,
DOX,2024,Deng,"LongDocURL_a Comprehensive Multimodal Long Document Benchmark Integrating Understanding, Reasoning, and Locating","./files/DOX/[2024 Deng] LongDocURL_a Comprehensive Multimodal Long Document Benchmark Integrating Understanding, Reasoning, and Locating.pdf",,,
DOX,2024,Ding,PDF-MVQA_A Dataset for Multimodal Information Retrieval in PDF-based Visual Question Answering,./files/DOX/[2024 Ding] PDF-MVQA_A Dataset for Multimodal Information Retrieval in PDF-based Visual Question Answering.pdf,,,
DOX,2024,Futeral,mOSCAR_A Large-scale Multilingual and Multimodal Document-level Corpus,./files/DOX/[2024 Futeral] mOSCAR_A Large-scale Multilingual and Multimodal Document-level Corpus.pdf,,,
DOX,2024,He,DR-RAG_Applying Dynamic Document Relevance to RetrievalAugmented Generation for Question-Answering,./files/DOX/[2024 He] DR-RAG_Applying Dynamic Document Relevance to RetrievalAugmented Generation for Question-Answering.pdf,,,
DOX,2024,Hsu,M3T_A New Benchmark Dataset for Multi-Modal Document-Level Machine Translation,./files/DOX/[2024 Hsu] M3T_A New Benchmark Dataset for Multi-Modal Document-Level Machine Translation.pdf,,,
DOX,2024,Hu,mPLUG-DocOwl2_High-resolution Compressing for OCR-free Multi-page Document Understanding,./files/DOX/[2024 Hu] mPLUG-DocOwl2_High-resolution Compressing for OCR-free Multi-page Document Understanding.pdf,,,
DOX,2024,Hui,UDA_A Benchmark Suite for Retrieval Augmented Generation in Real-world Document Analysis,./files/DOX/[2024 Hui] UDA_A Benchmark Suite for Retrieval Augmented Generation in Real-world Document Analysis.pdf,,,
DOX,2024,Li,Enhancing Visual Document Understanding with Contrastive Learning in Large Visual-Language Models,./files/DOX/[2024 Li] Enhancing Visual Document Understanding with Contrastive Learning in Large Visual-Language Models.pdf,,,
DOX,2024,Liu,Fox_Focus Anywhere for Fine-grained Multi-page Document Understanding,./files/DOX/[2024 Liu] Fox_Focus Anywhere for Fine-grained Multi-page Document Understanding.pdf,,,
DOX,2024,Liu,See then Tell_Enhancing Key Information Extraction with Vision Grounding,./files/DOX/[2024 Liu] See then Tell_Enhancing Key Information Extraction with Vision Grounding.pdf,,,
DOX,2024,Liu,TextMonkey_An OCR-Free Large Multimodal Model for Understanding Document,./files/DOX/[2024 Liu] TextMonkey_An OCR-Free Large Multimodal Model for Understanding Document.pdf,,,
DOX,2024,Lu,A Bounding Box is Worth One Token_Interleaving Layout and Text in a Large Language Model for Document Understanding,./files/DOX/[2024 Lu] A Bounding Box is Worth One Token_Interleaving Layout and Text in a Large Language Model for Document Understanding.pdf,,,
DOX,2024,Lu,From Text to Pixel_Advancing Long-Context Understanding in MLLMs,./files/DOX/[2024 Lu] From Text to Pixel_Advancing Long-Context Understanding in MLLMs.pdf,,,
DOX,2024,Mao,Visually Guided Generative Text-Layout Pre-training for Document Intelligence,./files/DOX/[2024 Mao] Visually Guided Generative Text-Layout Pre-training for Document Intelligence.pdf,,,
DOX,2024,Mohammadshirazi,DocParseNet_Advanced Semantic Segmentation and OCR Embeddings for Efficient Scanned Document Annotation,./files/DOX/[2024 Mohammadshirazi] DocParseNet_Advanced Semantic Segmentation and OCR Embeddings for Efficient Scanned Document Annotation.pdf,,,
DOX,2024,Qi,ADELIE_Aligning Large Language Models on Information Extraction,./files/DOX/[2024 Qi] ADELIE_Aligning Large Language Models on Information Extraction.pdf,,,
DOX,2024,Shehzadi,A Hybrid Approach for Document Layout Analysis in Document images,./files/DOX/[2024 Shehzadi] A Hybrid Approach for Document Layout Analysis in Document images.pdf,,,
DOX,2024,Xia,"StructChart_Perception, Structuring, Reasoning for Visual Chart Understanding","./files/DOX/[2024 Xia] StructChart_Perception, Structuring, Reasoning for Visual Chart Understanding.pdf",,,
DOX,2024,Xu,Large language models for generative information extraction_a survey,./files/DOX/[2024 Xu] Large language models for generative information extraction_a survey.pdf,,,
DOX,2024,Yu,TextHawk_Exploring Efficient Fine-Grained Perception of Multimodal Large Language Models,./files/DOX/[2024 Yu] TextHawk_Exploring Efficient Fine-Grained Perception of Multimodal Large Language Models.pdf,,,
DOX,2024,Zhang,DocKylin_A Large Multimodal Model for Visual Document Understanding with Efficient Visual Slimming,./files/DOX/[2024 Zhang] DocKylin_A Large Multimodal Model for Visual Document Understanding with Efficient Visual Slimming.pdf,,,
DOX,2024,Zhang,SAIL_Sample-Centric In-Context Learning for Document Information Extraction,./files/DOX/[2024 Zhang] SAIL_Sample-Centric In-Context Learning for Document Information Extraction.pdf,,,
DOX,2024,Zhao,TabPedia_Towards Comprehensive Visual Table Understanding with Concept Synergy,./files/DOX/[2024 Zhao] TabPedia_Towards Comprehensive Visual Table Understanding with Concept Synergy.pdf,,,
DOX,2024,Zhu,MMDocBench_Benchmarking Large Vision-Language Models for Fine-Grained Visual Document Understanding,./files/DOX/[2024 Zhu] MMDocBench_Benchmarking Large Vision-Language Models for Fine-Grained Visual Document Understanding.pdf,,,
DOX,2024,Zmigrod,BuDDIE_A Business Document Dataset for Multi-task Information Extraction,./files/DOX/[2024 Zmigrod] BuDDIE_A Business Document Dataset for Multi-task Information Extraction.pdf,,,
DOX,2025,Ni,PP-DocBee_Improving Multimodal Document Understanding Through a Bag of Tricks,./files/DOX/[2025 @baidu Ni] PP-DocBee_Improving Multimodal Document Understanding Through a Bag of Tricks.pdf,,baidu,
DOX,2025,GraniteVision,"Granite Vision_A Lightweight, Open-Source Multimodal Model for Enterprise Intelligence","./files/DOX/[2025 @ibm GraniteVision] Granite Vision_A Lightweight, Open-Source Multimodal Model for Enterprise Intelligence.pdf",,ibm,
DOX,2025,Nassar,SmolDocling_An ultra-compact vision-language model for end-to-end multi-modal document conversion,./files/DOX/[2025 @ibm Nassar] SmolDocling_An ultra-compact vision-language model for end-to-end multi-modal document conversion.pdf,,ibm,
DOX,2025,Wasserman,REAL-MM-RAG_A Real-World Multi-Modal Retrieval Benchmark,./files/DOX/[2025 @ibm Wasserman] REAL-MM-RAG_A Real-World Multi-Modal Retrieval Benchmark.pdf,,ibm,
DOX,2025,Chen,Graph-based Document Structure Analysis,./files/DOX/[2025 @iclr Chen] Graph-based Document Structure Analysis.pdf,,iclr,
DOX,2025,Chen,LoRA-Contextualizing Adaptation of Large Multimodal Models for Multi-page Document Understanding,./files/DOX/[2025 @iclr Chen] LoRA-Contextualizing Adaptation of Large Multimodal Models for Multi-page Document Understanding.pdf,,iclr,
DOX,2025,Faysse,ColPali_Efficient Document Retrieval with Vision Language Models,./files/DOX/[2025 @iclr Faysse] ColPali_Efficient Document Retrieval with Vision Language Models.pdf,,iclr,
DOX,2025,Huang,Mini-Monkey_Alleviating the Semantic Sawtooth Effect for Lightweight MLLMs via Complementary Image Pyramid,./files/DOX/[2025 @iclr Huang] Mini-Monkey_Alleviating the Semantic Sawtooth Effect for Lightweight MLLMs via Complementary Image Pyramid.pdf,,iclr,
DOX,2025,Morris,Contextual Document Embeddings,./files/DOX/[2025 @iclr Morris] Contextual Document Embeddings.pdf,,iclr,
DOX,2025,Yu,VisRAG_Vision-based Retrieval-augmented Generation on Multi-modality Documents,./files/DOX/[2025 @iclr Yu] VisRAG_Vision-based Retrieval-augmented Generation on Multi-modality Documents.pdf,,iclr,
DOX,2025,Zhu,Enhancing Document Understanding with Group Position Embedding_A Novel Approach to Incorporate Layout Information,./files/DOX/[2025 @iclr Zhu] Enhancing Document Understanding with Group Position Embedding_A Novel Approach to Incorporate Layout Information.pdf,,iclr,
DOX,2025,Barboule,"Survey on Question Answering over Visually Rich Documents_Methods, Challenges, and Trends","./files/DOX/[2025 Barboule] Survey on Question Answering over Visually Rich Documents_Methods, Challenges, and Trends.pdf",,,
DOX,2025,Gutteridge,Judge a Book by its Cover_Investigating Multi-Modal LLMs for Multi-Page Handwritten Document Transcription,./files/DOX/[2025 Gutteridge] Judge a Book by its Cover_Investigating Multi-Modal LLMs for Multi-Page Handwritten Document Transcription.pdf,,,
DOX,2025,Hu,DocMamba_Efficient Document Pre-training with State Space Model,./files/DOX/[2025 Hu] DocMamba_Efficient Document Pre-training with State Space Model.pdf,,,
DOX,2025,Khang,KIEval_Evaluation Metric for Document Key Information Extraction,./files/DOX/[2025 Khang] KIEval_Evaluation Metric for Document Key Information Extraction.pdf,,,
DOX,2025,Le,QID_Efficient Query-Informed ViTs in Data-Scarce Regimes for OCR-free Visual Document Understanding,./files/DOX/[2025 Le] QID_Efficient Query-Informed ViTs in Data-Scarce Regimes for OCR-free Visual Document Understanding.pdf,,,
DOX,2025,Ouyang,OmniDocBench_Benchmarking Diverse PDF Document Parsing with Comprehensive Annotations,./files/DOX/[2025 Ouyang] OmniDocBench_Benchmarking Diverse PDF Document Parsing with Comprehensive Annotations.pdf,,,
DOX,2025,Poznanski,olmOCR_Unlocking Trillions of Tokens in PDFs with Vision Language Models,./files/DOX/[2025 Poznanski] olmOCR_Unlocking Trillions of Tokens in PDFs with Vision Language Models.pdf,,,
DOX,2025,Suri,VisDoM_Multi-Document QA with Visually Rich Elements Using Multimodal Retrieval-Augmented Generation,./files/DOX/[2025 Suri] VisDoM_Multi-Document QA with Visually Rich Elements Using Multimodal Retrieval-Augmented Generation.pdf,,,
DOX,2025,Xie,PDF-WuKong_A Large Multimodal Model for Efficient Long PDF Reading with End-to-End Sparse Sampling,./files/DOX/[2025 Xie] PDF-WuKong_A Large Multimodal Model for Efficient Long PDF Reading with End-to-End Sparse Sampling.pdf,,,
DOX,2025,Yu,OmniParser V2_Structured-Points-of-Thought for Unified Visual Text Parsing and Its Generality to Multimodal Large Language Models,./files/DOX/[2025 Yu] OmniParser V2_Structured-Points-of-Thought for Unified Visual Text Parsing and Its Generality to Multimodal Large Language Models.pdf,,,
MM,2021,Rombach,High-Resolution Image Synthesis with Latent Diffusion Models,./files/MM/[2021 #stable-diff Rombach] High-Resolution Image Synthesis with Latent Diffusion Models.pdf,,,
MM,2021,Dosovitskiy,An Image is Worth 16x16 Words - Transformers for Image Recognition at Scale,./files/MM/[2021 @google #vit Dosovitskiy] An Image is Worth 16x16 Words - Transformers for Image Recognition at Scale.pdf,,google,
MM,2021,Liu,Swin Transformer - Hierarchical Vision Transformer using Shifted Windows,./files/MM/[2021 @microsoft #swin Liu] Swin Transformer - Hierarchical Vision Transformer using Shifted Windows.pdf,,microsoft,
MM,2021,Liu,Swin Transformer V2 - Scaling Up Capacity and Resolution,./files/MM/[2021 @microsoft #swin Liu] Swin Transformer V2 - Scaling Up Capacity and Resolution.pdf,,microsoft,
MM,2021,Radford,Learning Transferable Visual Models From Natural Language Supervision,./files/MM/[2021 @openai #clip Radford] Learning Transferable Visual Models From Natural Language Supervision.pdf,,openai,
MM,2022,Peebles,Scalable Diffusion Models with Transformers,./files/MM/[2022 #DiT #SoRA Peebles] Scalable Diffusion Models with Transformers.pdf,,,
MM,2023,Li,Monkey_Image Resolution and Text Label Are Important Things for Large Multi-modal Models,./files/MM/[2023 @cvpr Li] Monkey_Image Resolution and Text Label Are Important Things for Large Multi-modal Models.pdf,,cvpr,
MM,2023,Zhao,Retrieving Multimodal Information for Augmented Generation_A Survey,./files/MM/[2023 @emnlp Zhao] Retrieving Multimodal Information for Augmented Generation_A Survey.pdf,,emnlp,
MM,2023,Lin,LayoutPrompter_Awaken the Design Ability of Large Language Models,./files/MM/[2023 @neurips @microsoft Lin] LayoutPrompter_Awaken the Design Ability of Large Language Models.pdf,,microsoft,
MM,2023,Bai,"Qwen-VL_A Versatile Vision-Language Model for Understanding, Localization, Text Reading, and Beyond","./files/MM/[2023 Bai] Qwen-VL_A Versatile Vision-Language Model for Understanding, Localization, Text Reading, and Beyond.pdf",,,
MM,2023,Bai,Sequential Modeling Enables Scalable Learning for Large Vision Models,./files/MM/[2023 Bai] Sequential Modeling Enables Scalable Learning for Large Vision Models.pdf,,,
MM,2024,Bordes,An Introduction to Vision-Language Modeling,./files/MM/[2024 @meta Bordes] An Introduction to Vision-Language Modeling.pdf,,meta,
MM,2024,Zhou,Transfusion_Predict the Next Token and Diffuse Images with One Multi-Modal Model,./files/MM/[2024 @meta Zhou] Transfusion_Predict the Next Token and Diffuse Images with One Multi-Modal Model.pdf,,meta,
MM,2024,Zong,MoVA_Adapting Mixture of Vision Experts to Multimodal Context,./files/MM/[2024 @mmlab Zong] MoVA_Adapting Mixture of Vision Experts to Multimodal Context.pdf,,mmlab,
MM,2024,Chen,"Expanding Performance Boundaries of Open-Source Multimodal Models with Model, Data, and Test-Time Scaling","./files/MM/[2024 Chen] Expanding Performance Boundaries of Open-Source Multimodal Models with Model, Data, and Test-Time Scaling.pdf",,,
MM,2024,Chen,How Far Are We to GPT-4V. Closing the Gap to Commercial Multimodal Models with Open-Source Suites,./files/MM/[2024 Chen] How Far Are We to GPT-4V. Closing the Gap to Commercial Multimodal Models with Open-Source Suites.pdf,,,
MM,2024,Chen,Next Token Prediction Towards Multimodal Intelligence_A Comprehensive Survey,./files/MM/[2024 Chen] Next Token Prediction Towards Multimodal Intelligence_A Comprehensive Survey.pdf,,,
MM,2024,Cheng,YOLO-World_Real-Time Open-Vocabulary Object Detection,./files/MM/[2024 Cheng] YOLO-World_Real-Time Open-Vocabulary Object Detection.pdf,,,
MM,2024,Fuest,Diffusion Models and Representation Learning_A Survey,./files/MM/[2024 Fuest] Diffusion Models and Representation Learning_A Survey.pdf,,,
MM,2024,Gao,Mini-InternVL_A Flexible-Transfer Pocket Multimodal Model with 5% Parameters and 90% Performance,./files/MM/[2024 Gao] Mini-InternVL_A Flexible-Transfer Pocket Multimodal Model with 5% Parameters and 90% Performance.pdf,,,
MM,2024,Gou,"Eyes Closed, Safety On_Protecting Multimodal LLMs via Image-to-Text Transformation","./files/MM/[2024 Gou] Eyes Closed, Safety On_Protecting Multimodal LLMs via Image-to-Text Transformation.pdf",,,
MM,2024,Lin,MoE-LLaVA_Mixture of Experts for Large Vision-Language Models,./files/MM/[2024 Lin] MoE-LLaVA_Mixture of Experts for Large Vision-Language Models.pdf,,,
MM,2024,Masry,ChartInstruct_Instruction Tuning for Chart Comprehension and Reasoning,./files/MM/[2024 Masry] ChartInstruct_Instruction Tuning for Chart Comprehension and Reasoning.pdf,,,
MM,2024,Wang,Qwen2-VL_Enhancing Vision-Language Model’s Perception of the World at Any Resolution,./files/MM/[2024 Wang] Qwen2-VL_Enhancing Vision-Language Model’s Perception of the World at Any Resolution.pdf,,,
MM,2024,Yang,Law of Vision Representation in MLLMs,./files/MM/[2024 Yang] Law of Vision Representation in MLLMs.pdf,,,
MM,2024,Yu,VisRAG_Vision-based Retrieval-augmented Generation on Multi-modality Documents,./files/MM/[2024 Yu] VisRAG_Vision-based Retrieval-augmented Generation on Multi-modality Documents.pdf,,,
MM,2025,KimiTeam,Kimi-VL Technical Report,./files/MM/[2025 #kimi KimiTeam] Kimi-VL Technical Report.pdf,,,
MM,2025,Li,Imagine while Reasoning in Space_Multimodal Visualization-of-Thought,./files/MM/[2025 @microsoft Li] Imagine while Reasoning in Space_Multimodal Visualization-of-Thought.pdf,,microsoft,
MM,2025,Yang,Magma_A Foundation Model for Multimodal AI Agents,./files/MM/[2025 @microsoft Yang] Magma_A Foundation Model for Multimodal AI Agents.pdf,,microsoft,
MM,2025,Lu,InternVL-X_Advancing and Accelerating InternVL Series with Efficient Visual Token Compression,./files/MM/[2025 Lu] InternVL-X_Advancing and Accelerating InternVL Series with Efficient Visual Token Compression.pdf,,,
MM,2025,QwenTeam,Qwen2.5-Omni Technical Report,./files/MM/[2025 QwenTeam] Qwen2.5-Omni Technical Report.pdf,,,
MM,2025,Qwen,Qwen2.5-VL Technical Report,./files/MM/[2025 Qwen] Qwen2.5-VL Technical Report.pdf,,,
MM,2025,Zhu,InternVL3_Exploring Advanced Training and Test-Time Recipes for Open-Source Multimodal Models,./files/MM/[2025 Zhu] InternVL3_Exploring Advanced Training and Test-Time Recipes for Open-Source Multimodal Models.pdf,,,
NLP,2013,Mikolov,Distributed Representations of Words and Phrases and their Compositionality,./files/NLP/[2013 Mikolov] Distributed Representations of Words and Phrases and their Compositionality.pdf,,,
NLP,2013,Mikolov,Efficient Estimation of Word Representations in Vector Space,./files/NLP/[2013 Mikolov] Efficient Estimation of Word Representations in Vector Space.pdf,,,
NLP,2017,Vaswani,Attention Is All You Need,./files/NLP/[2017 @google #milestone Vaswani] Attention Is All You Need.pdf,,google,
NLP,2018,Devlin,BERT_Pre-Training of Deep Bidirectional Transformers for Language Understanding,./files/NLP/[2018 @google #milestone Devlin] BERT_Pre-Training of Deep Bidirectional Transformers for Language Understanding.pdf,,google,
NLP,2018,Radford,Improving Language Understanding by Generative Pre-Training,./files/NLP/[2018 @openai #gpt #milestone Radford] Improving Language Understanding by Generative Pre-Training.pdf,,openai,
NLP,2019,Dai,Transformer-XL_Attentive Language Models Beyond a Fixed-Length Context,./files/NLP/[2019 @acl Dai] Transformer-XL_Attentive Language Models Beyond a Fixed-Length Context.pdf,,acl,
NLP,2019,Raffel,Exploring the Limits of Transfer Learning with a Unified Text-to-Text Transformer,./files/NLP/[2019 @google #T5 #milestone Raffel] Exploring the Limits of Transfer Learning with a Unified Text-to-Text Transformer.pdf,,google,
NLP,2019,Wang,GLUE_A Multi-Task Benchmark and Analysis Platform for Natural Language Understanding,./files/NLP/[2019 @iclr Wang] GLUE_A Multi-Task Benchmark and Analysis Platform for Natural Language Understanding.pdf,,iclr,
NLP,2019,Liu,RoBERTa_A Robustly Optimized BERT Pretraining Approach,./files/NLP/[2019 @meta Liu] RoBERTa_A Robustly Optimized BERT Pretraining Approach.pdf,,meta,
NLP,2019,Wang,SuperGLUE_A Stickier Benchmark for General-Purpose Language Understanding,./files/NLP/[2019 @neurips Wang] SuperGLUE_A Stickier Benchmark for General-Purpose Language Understanding.pdf,,neurips,
NLP,2019,Yang,XLNet_Generalized Autoregressive Pretraining for Language Understanding,./files/NLP/[2019 @neurips Yang] XLNet_Generalized Autoregressive Pretraining for Language Understanding.pdf,,neurips,
NLP,2019,Ziegler,Fine-Tuning Language Models from Human Preferences,./files/NLP/[2019 @openai #RLHF Ziegler] Fine-Tuning Language Models from Human Preferences.pdf,,openai,
NLP,2019,Radford,Language Models are Unsupervised Multitask Learners,./files/NLP/[2019 @openai #gpt2 Radford] Language Models are Unsupervised Multitask Learners.pdf,,openai,
NLP,2020,Gururangan,Don't Stop Pretraining_Adapt Language Models to Domains and Tasks,./files/NLP/[2020 @acl Gururangan] Don't Stop Pretraining_Adapt Language Models to Domains and Tasks.pdf,,acl,
NLP,2020,Lewis,Retrieval-Augmented Generation for Knowledge-Intensive NLP Tasks,./files/NLP/[2020 @facebook Lewis] Retrieval-Augmented Generation for Knowledge-Intensive NLP Tasks.pdf,,facebook,
NLP,2020,Guu,REALM_Retrieval-Augmented Language Model Pre-Training,./files/NLP/[2020 @google Guu] REALM_Retrieval-Augmented Language Model Pre-Training.pdf,,google,
NLP,2020,Khandelwal,Generalization through Memorization_Nearest Neighbor Language Models,./files/NLP/[2020 @iclr Khandelwal] Generalization through Memorization_Nearest Neighbor Language Models.pdf,,iclr,
NLP,2020,Brown,Language Models are Few-Shot Learners,./files/NLP/[2020 @openai #gpt3 Brown] Language Models are Few-Shot Learners.pdf,,openai,
NLP,2020,Kaplan,Scaling Laws for Neural Language Models,./files/NLP/[2020 @openai #milestone Kaplan] Scaling Laws for Neural Language Models.pdf,,openai,
NLP,2021,Hu,LoRA_Low-Rank Adaptation of Large Language Models,./files/NLP/[2021 @microsoft #finetuning Hu] LoRA_Low-Rank Adaptation of Large Language Models.pdf,,microsoft,
NLP,2021,Mao,Generation-Augmented Retrieval for Open-Domain Question Answering,./files/NLP/[2021 @microsoft Mao] Generation-Augmented Retrieval for Open-Domain Question Answering.pdf,,microsoft,
NLP,2021,Li,Document-Level Event Argument Extraction by Conditional Generation,./files/NLP/[2021 @naacl Li] Document-Level Event Argument Extraction by Conditional Generation.pdf,,naacl,
NLP,2021,Narayanan,Efficient Large-Scale Language Model Training on GPU Clusters Using Megatron-LM,./files/NLP/[2021 @nvidia #megatron-lm #distributed Narayanan] Efficient Large-Scale Language Model Training on GPU Clusters Using Megatron-LM.pdf,,nvidia,
NLP,2021,Das,Case-Based Reasoning for Natural Language Queries over Knowledge Bases,./files/NLP/[2021 Das] Case-Based Reasoning for Natural Language Queries over Knowledge Bases.pdf,,,
NLP,2021,Huang,WhiteningBERT_An Easy Unsupervised Sentence Embedding Approach,./files/NLP/[2021 Huang] WhiteningBERT_An Easy Unsupervised Sentence Embedding Approach.pdf,,,
NLP,2021,Liu,"Pre-train, Prompt, and Predict_A Systematic Survey of Prompting Methods in Natural Language Processing","./files/NLP/[2021 Liu] Pre-train, Prompt, and Predict_A Systematic Survey of Prompting Methods in Natural Language Processing.pdf",,,
NLP,2022,Liu,P-Tuning v2_Prompt Tuning Can Be Comparable to Fine-tuning Universally Across Scales and Tasks,./files/NLP/[2022 #finetuning Liu] P-Tuning v2_Prompt Tuning Can Be Comparable to Fine-tuning Universally Across Scales and Tasks.pdf,,,
NLP,2022,Hernandez,Scaling Laws and Interpretability of Learning from Repeated Data,./files/NLP/[2022 @anthropic Hernandez] Scaling Laws and Interpretability of Learning from Repeated Data.pdf,,anthropic,
NLP,2022,Borgeaud,Improving language models by retrieving from trillions of tokens,./files/NLP/[2022 @deepmind Borgeaud] Improving language models by retrieving from trillions of tokens.pdf,,deepmind,
NLP,2022,Min,Rethinking the Role of Demonstrations_What Makes In-Context Learning Work,./files/NLP/[2022 @emnlp Min] Rethinking the Role of Demonstrations_What Makes In-Context Learning Work.pdf,,emnlp,
NLP,2022,Wei,Chain-of-Thought Prompting Elicits Reasoning in Large Language Models,./files/NLP/[2022 @google #prompt Wei] Chain-of-Thought Prompting Elicits Reasoning in Large Language Models.pdf,,google,
NLP,2022,Chowdhery,PaLM_Scaling Language Modeling with Pathways,./files/NLP/[2022 @google Chowdhery] PaLM_Scaling Language Modeling with Pathways.pdf,,google,
NLP,2022,Bommasani,On the Opportunities and Risks of Foundation Models,./files/NLP/[2022 @hai #milestone Bommasani] On the Opportunities and Risks of Foundation Models.pdf,,hai,
NLP,2022,Borgeaud,Improving language models by retrieving from trillions of tokens,./files/NLP/[2022 @icml Borgeaud] Improving language models by retrieving from trillions of tokens.pdf,,icml,
NLP,2022,Wang,Training Data is More Valuable than You Think_A Simple and Effective Method by Retrieving from Training Data,./files/NLP/[2022 @microsoft Wang] Training Data is More Valuable than You Think_A Simple and Effective Method by Retrieving from Training Data.pdf,,microsoft,
NLP,2022,Ouyang,Training language models to follow instructions with human feedback,./files/NLP/[2022 @openai #RLHF Ouyang] Training language models to follow instructions with human feedback.pdf,,openai,
NLP,2022,Izacard,Atlas_Few-shot Learning with Retrieval Augmented Language Models,./files/NLP/[2022 Izacard] Atlas_Few-shot Learning with Retrieval Augmented Language Models.pdf,,,
NLP,2023,Shinn,Reflexion_Language Agents with Verbal Reinforcement Learning,./files/NLP/[2023 #agent_talk Shinn] Reflexion_Language Agents with Verbal Reinforcement Learning.pdf,,,
NLP,2023,Liu,"Pre-train, Prompt, and Predict_A Systematic Survey of Prompting Methods in Natural Language Processing","./files/NLP/[2023 @cmu Liu] Pre-train, Prompt, and Predict_A Systematic Survey of Prompting Methods in Natural Language Processing.pdf",,cmu,
NLP,2023,Dankers,Memorisation Cartography_Mapping out the Memorisation-Generalisation Continuum in Neural Machine Translation,./files/NLP/[2023 @emnlp Dankers] Memorisation Cartography_Mapping out the Memorisation-Generalisation Continuum in Neural Machine Translation.pdf,,emnlp,
NLP,2023,Jacovi,Stop Uploading Test Data in Plain Text_Practical Strategies for Mitigating Data Contamination by Evaluation Benchmarks,./files/NLP/[2023 @emnlp Jacovi] Stop Uploading Test Data in Plain Text_Practical Strategies for Mitigating Data Contamination by Evaluation Benchmarks.pdf,,emnlp,
NLP,2023,Liu,G-EVAL_NLG Evaluation using GPT-4 with Better Human Alignment,./files/NLP/[2023 @emnlp Liu] G-EVAL_NLG Evaluation using GPT-4 with Better Human Alignment.pdf,,emnlp,
NLP,2023,Wang,Label Words are Anchors_An Information Flow Perspective for Understanding In-Context Learning,./files/NLP/[2023 @emnlp Wang] Label Words are Anchors_An Information Flow Perspective for Understanding In-Context Learning.pdf,,emnlp,
NLP,2023,Lee,RLAIF_Scaling Reinforcement Learning from Human Feedback with AI Feedback,./files/NLP/[2023 @google #RLHF Lee] RLAIF_Scaling Reinforcement Learning from Human Feedback with AI Feedback.pdf,,google,
NLP,2023,Cai,Large Language Models as Tool Makers,./files/NLP/[2023 @google Cai] Large Language Models as Tool Makers.pdf,,google,
NLP,2023,Google,Gemini_A Family of Highly Capable Multimodal Models,./files/NLP/[2023 @google Google] Gemini_A Family of Highly Capable Multimodal Models.pdf,,google,
NLP,2023,Yang,Large Language Models as Optimizers,./files/NLP/[2023 @google Yang] Large Language Models as Optimizers.pdf,,google,
NLP,2023,Zhou,Large Language Models Are Human-Level Prompt Engineers,./files/NLP/[2023 @iclr Zhou] Large Language Models Are Human-Level Prompt Engineers.pdf,,iclr,
NLP,2023,Touvron,LLaMA_Open and Efficient Foundation Language Models,./files/NLP/[2023 @meta #lama Touvron] LLaMA_Open and Efficient Foundation Language Models.pdf,,meta,
NLP,2023,Touvron,LLaMA 2_Open Foundation and Fine-Tuned Chat Models,./files/NLP/[2023 @meta #llama2 Touvron] LLaMA 2_Open Foundation and Fine-Tuned Chat Models.pdf,,meta,
NLP,2023,Schick,Toolformer_Language Models Can Teach Themselves to Use Tools,./files/NLP/[2023 @meta Schick] Toolformer_Language Models Can Teach Themselves to Use Tools.pdf,,meta,
NLP,2023,Xiong,Effective Long-Context Scaling of Foundation Models,./files/NLP/[2023 @meta Xiong] Effective Long-Context Scaling of Foundation Models.pdf,,meta,
NLP,2023,Sun,Retentive Network_A Successor to Transformer for Large Language Models,./files/NLP/[2023 @microsoft Sun] Retentive Network_A Successor to Transformer for Large Language Models.pdf,,microsoft,
NLP,2023,Mistral,Mistral 7B,./files/NLP/[2023 @mistral Mistral] Mistral 7B.pdf,,mistral,
NLP,2023,Tirumala,D4_Improving LLM Pretraining via Document De-Duplication and Diversification,./files/NLP/[2023 @neurips @meta Tirumala] D4_Improving LLM Pretraining via Document De-Duplication and Diversification.pdf,,meta,
NLP,2023,Wang,DORIS-MAE_Scientific Document Retrieval using Multi-level Aspect-based Queries,./files/NLP/[2023 @neurips Wang] DORIS-MAE_Scientific Document Retrieval using Multi-level Aspect-based Queries.pdf,,neurips,
NLP,2023,Yang,ResMem_Learn what you can and memorize the rest,./files/NLP/[2023 @neurips Yang] ResMem_Learn what you can and memorize the rest.pdf,,neurips,
NLP,2023,OpenAI,GPT-4 Technical Report,./files/NLP/[2023 @openai #gpt4 OpenAI] GPT-4 Technical Report.pdf,,openai,
NLP,2023,Rafailov,Direct Preference Optimization_Your Language Model is Secretly a Reward Model,./files/NLP/[2023 @stanford #dpo Rafailov] Direct Preference Optimization_Your Language Model is Secretly a Reward Model.pdf,,stanford,
NLP,2023,Schaeffer,Are Emergent Abilities of Large Language Models a Mirage,./files/NLP/[2023 @stanford Schaeffer] Are Emergent Abilities of Large Language Models a Mirage.pdf,,stanford,
NLP,2023,Bommasani,The Foundation Model Transparency Index,./files/NLP/[2023 Bommasani] The Foundation Model Transparency Index.pdf,,,
NLP,2023,Chang,A Survey on Evaluation of Large Language Models,./files/NLP/[2023 Chang] A Survey on Evaluation of Large Language Models.pdf,,,
NLP,2023,Chang,Learning to Generate Better Than Your LLM,./files/NLP/[2023 Chang] Learning to Generate Better Than Your LLM.pdf,,,
NLP,2023,Chen,ChatGPT's One-year Anniversary_Are Open-Source Large Language Models Catching up,./files/NLP/[2023 Chen] ChatGPT's One-year Anniversary_Are Open-Source Large Language Models Catching up.pdf,,,
NLP,2023,Chen,Understanding Retrieval Augmentation for Long-Form Question Answering,./files/NLP/[2023 Chen] Understanding Retrieval Augmentation for Long-Form Question Answering.pdf,,,
NLP,2023,Gao,Retrieval-Augmented Generation for Large Language Models_A Survey,./files/NLP/[2023 Gao] Retrieval-Augmented Generation for Large Language Models_A Survey.pdf,,,
NLP,2023,Goyal,News Summarization and Evaluation in the Era of GPT-3,./files/NLP/[2023 Goyal] News Summarization and Evaluation in the Era of GPT-3.pdf,,,
NLP,2023,He,AnnoLLM_Making Large Language Models to Be Better Crowdsourced Annotators,./files/NLP/[2023 He] AnnoLLM_Making Large Language Models to Be Better Crowdsourced Annotators.pdf,,,
NLP,2023,He,Simplifying Transformer Blocks,./files/NLP/[2023 He] Simplifying Transformer Blocks.pdf,,,
NLP,2023,Huang,OPERA_Alleviating Hallucination in Multi-Modal Large Language Models via Over-Trust Penalty and Retrospection-Allocation,./files/NLP/[2023 Huang] OPERA_Alleviating Hallucination in Multi-Modal Large Language Models via Over-Trust Penalty and Retrospection-Allocation.pdf,,,
NLP,2023,Jiang,Active Retrieval Augmented Generation,./files/NLP/[2023 Jiang] Active Retrieval Augmented Generation.pdf,,,
NLP,2023,Kaddour,Challenges and Applications of Large Language Models,./files/NLP/[2023 Kaddour] Challenges and Applications of Large Language Models.pdf,,,
NLP,2023,Kwon,Efficient Memory Management for Large Language Model Serving with PagedAttention,./files/NLP/[2023 Kwon] Efficient Memory Management for Large Language Model Serving with PagedAttention.pdf,,,
NLP,2023,Li,CoAnnotating_Uncertainty-Guided Work Allocation between Human and Large Language Models for Data Annotation,./files/NLP/[2023 Li] CoAnnotating_Uncertainty-Guided Work Allocation between Human and Large Language Models for Data Annotation.pdf,,,
NLP,2023,Lilian,LLM Powered Autonomous Agents,./files/NLP/[2023 Lilian] LLM Powered Autonomous Agents.pdf,,,
NLP,2023,Long,Adapt in Contexts_Retrieval-Augmented Domain Adaptation via In-Context Learning,./files/NLP/[2023 Long] Adapt in Contexts_Retrieval-Augmented Domain Adaptation via In-Context Learning.pdf,,,
NLP,2023,Patil,Gorilla_Large Language Model Connected with Massive APIs,./files/NLP/[2023 Patil] Gorilla_Large Language Model Connected with Massive APIs.pdf,,,
NLP,2023,Ram,In-Context Retrieval-Augmented Language Models,./files/NLP/[2023 Ram] In-Context Retrieval-Augmented Language Models.pdf,,,
NLP,2023,Sainz,GoLLIE_Annotation Guidelines improve Zero-Shot Information-Extraction,./files/NLP/[2023 Sainz] GoLLIE_Annotation Guidelines improve Zero-Shot Information-Extraction.pdf,,,
NLP,2023,Shaikh,"On Second Thought, Let's Not Think Step by Step! Bias and Toxicity in Zero-Shot Reasoning","./files/NLP/[2023 Shaikh] On Second Thought, Let's Not Think Step by Step! Bias and Toxicity in Zero-Shot Reasoning.pdf",,,
NLP,2023,Sheng,S-LoRA_Serving Thousands of Concurrent LoRA Adapters,./files/NLP/[2023 Sheng] S-LoRA_Serving Thousands of Concurrent LoRA Adapters.pdf,,,
NLP,2023,Shi,In-Context Pretraining_Language Modeling Beyond Document Boundaries,./files/NLP/[2023 Shi] In-Context Pretraining_Language Modeling Beyond Document Boundaries.pdf,,,
NLP,2023,Siriwardhana,Improving the Domain Adaptation of Retrieval Augmented Generation (RAG) Models for Open Domain Question Answering,./files/NLP/[2023 Siriwardhana] Improving the Domain Adaptation of Retrieval Augmented Generation (RAG) Models for Open Domain Question Answering.pdf,,,
NLP,2023,Xu,Retrieval Meets Long Context Large Language Models,./files/NLP/[2023 Xu] Retrieval Meets Long Context Large Language Models.pdf,,,
NLP,2023,Yao,Tree of Thoughts_Deliberate Problem Solving with Large Language Models,./files/NLP/[2023 Yao] Tree of Thoughts_Deliberate Problem Solving with Large Language Models.pdf,,,
NLP,2023,Yin,A Survey on Multimodal Large Language Models,./files/NLP/[2023 Yin] A Survey on Multimodal Large Language Models.pdf,,,
NLP,2023,Zhao,A Survey of Large Language Models,./files/NLP/[2023 Zhao] A Survey of Large Language Models.pdf,,,
NLP,2024,Fourney,Magentic-One_A Generalist Multi-Agent System for Solving Complex Tasks,./files/NLP/[2024 #agent_talk Fourney] Magentic-One_A Generalist Multi-Agent System for Solving Complex Tasks.pdf,,,
NLP,2024,Liu,Large Language Model-Based Agents for Software Engineering_A Survey,./files/NLP/[2024 #agent_talk Liu] Large Language Model-Based Agents for Software Engineering_A Survey.pdf,,,
NLP,2024,Raad,Scaling Instructable Agents Across Many Simulated Worlds,./files/NLP/[2024 #agent_talk Raad] Scaling Instructable Agents Across Many Simulated Worlds.pdf,,,
NLP,2024,Wang,Chain-of-Thought Reasoning Without Prompting,./files/NLP/[2024 #agent_talk Wang] Chain-of-Thought Reasoning Without Prompting.pdf,,,
NLP,2024,Wu,ReFT_Representation Finetuning for Language Models,./files/NLP/[2024 #agent_talk Wu] ReFT_Representation Finetuning for Language Models.pdf,,,
NLP,2024,Zhuge,Agent-as-a-Judge_Evaluate Agents with Agents,./files/NLP/[2024 #agent_talk Zhuge] Agent-as-a-Judge_Evaluate Agents with Agents.pdf,,,
NLP,2024,Parthasarathy,"The Ultimate Guide to Fine-Tuning LLMs from Basics to Breakthroughs_An Exhaustive Review of Technologies, Research, Best Practices, Applied Research Challenges and Opportunities","./files/NLP/[2024 #finetuning Parthasarathy] The Ultimate Guide to Fine-Tuning LLMs from Basics to Breakthroughs_An Exhaustive Review of Technologies, Research, Best Practices, Applied Research Challenges and Opportunities.pdf",,,
NLP,2024,Gao,Towards a Unified View of Preference Learning for Large Language Models_A Survey,./files/NLP/[2024 #preference-learning Gao] Towards a Unified View of Preference Learning for Large Language Models_A Survey.pdf,,,
NLP,2024,Li,Selective Reflection-Tuning_Student-Selected Data Recycling for LLM Instruction-Tuning,./files/NLP/[2024 #reflection-tuning Li] Selective Reflection-Tuning_Student-Selected Data Recycling for LLM Instruction-Tuning.pdf,,,
NLP,2024,Anthropic,Building Effective Agents,./files/NLP/[2024 @Anthropic Anthropic] Building Effective Agents.pdf,,Anthropic,
NLP,2024,Chen,Benchmarking Large Language Models in Retrieval-Augmented Generation,./files/NLP/[2024 @aaai Chen] Benchmarking Large Language Models in Retrieval-Augmented Generation.pdf,,aaai,
NLP,2024,@alibaba,On the Role of Long-tail Knowledge in Retrieval Augmented Large Language Models,./files/NLP/[2024 @acl @alibaba] On the Role of Long-tail Knowledge in Retrieval Augmented Large Language Models.pdf,,alibaba],
NLP,2024,Liu,CoFE-RAG_A Comprehensive Full-chain Evaluation Framework for Retrieval-Augmented Generation with Enhanced Data Diversity,./files/NLP/[2024 @alibaba Liu] CoFE-RAG_A Comprehensive Full-chain Evaluation Framework for Retrieval-Augmented Generation with Enhanced Data Diversity.pdf,,alibaba,
NLP,2024,McKinzie,"MM1_Methods, Analysis & Insights from Multimodal LLM Pre-training","./files/NLP/[2024 @apple McKinzie] MM1_Methods, Analysis & Insights from Multimodal LLM Pre-training.pdf",,apple,
NLP,2024,Ustun,Aya Model_An Instruction Finetuned Open-Access Multilingual Language Model,./files/NLP/[2024 @cohere Ustun] Aya Model_An Instruction Finetuned Open-Access Multilingual Language Model.pdf,,cohere,
NLP,2024,Wang,Searching for Best Practices in Retrieval-Augmented Generation,./files/NLP/[2024 @emnlp Wang] Searching for Best Practices in Retrieval-Augmented Generation.pdf,,emnlp,
NLP,2024,Zhao,LongAgent_Scaling Language Models to 128k Context through Multi-Agent Collaboration,./files/NLP/[2024 @emnlp Zhao] LongAgent_Scaling Language Models to 128k Context through Multi-Agent Collaboration.pdf,,emnlp,
NLP,2024,Google,Gemini 1.5_Unlocking multimodal understanding across millions of tokens of context,./files/NLP/[2024 @google #gemini Google] Gemini 1.5_Unlocking multimodal understanding across millions of tokens of context.pdf,,google,
NLP,2024,Munkhdalai,Leave No Context Behind_Efficient Infinite Context Transformers with Infini-attention,./files/NLP/[2024 @google Munkhdalai] Leave No Context Behind_Efficient Infinite Context Transformers with Infini-attention.pdf,,google,
NLP,2024,Petridis,ConstitutionalExperts_Training a Mixture of Principle-based Prompts,./files/NLP/[2024 @google Petridis] ConstitutionalExperts_Training a Mixture of Principle-based Prompts.pdf,,google,
NLP,2024,Asthana,Enterprise Benchmarks for Large Language Model Evaluation,./files/NLP/[2024 @ibm Asthana] Enterprise Benchmarks for Large Language Model Evaluation.pdf,,ibm,
NLP,2024,Sun,Enhancing Chain-of-Thoughts Prompting with Iterative Bootstrapping in Large Language Models,./files/NLP/[2024 @iclr Sun] Enhancing Chain-of-Thoughts Prompting with Iterative Bootstrapping in Large Language Models.pdf,,iclr,
NLP,2024,Ye,"Physics of Language Models_Part 2.2, How to Learn From Mistakes on Grade-School Math Problems","./files/NLP/[2024 @meta #reflection-tuning Ye] Physics of Language Models_Part 2.2, How to Learn From Mistakes on Grade-School Math Problems.pdf",,meta,
NLP,2024,Hao,Training Large Language Models to Reason in a Continuous Latent Space,./files/NLP/[2024 @meta Hao] Training Large Language Models to Reason in a Continuous Latent Space.pdf,,meta,
NLP,2024,Qi,Mutual Reasoning Makes Smaller LLMs Stronger Problem-Solvers,./files/NLP/[2024 @microsoft Qi] Mutual Reasoning Makes Smaller LLMs Stronger Problem-Solvers.pdf,,microsoft,
NLP,2024,Sun,You Only Cache Once_Decoder-Decoder Architectures for Language Models,./files/NLP/[2024 @microsoft Sun] You Only Cache Once_Decoder-Decoder Architectures for Language Models.pdf,,microsoft,
NLP,2024,Lin,RHO-1_Not All Tokens Are What You Need,./files/NLP/[2024 @neurips @microsoft Lin] RHO-1_Not All Tokens Are What You Need.pdf,,microsoft,
NLP,2024,Tong,"Cambrian-1_A Fully Open, Vision-Centric Exploration of Multimodal LLMs","./files/NLP/[2024 @neurips Tong] Cambrian-1_A Fully Open, Vision-Centric Exploration of Multimodal LLMs.pdf",,neurips,
NLP,2024,Hsieh,RULER_What's the Real Context Size of Your Long-Context Language Models,./files/NLP/[2024 @nvidia Hsieh] RULER_What's the Real Context Size of Your Long-Context Language Models.pdf,,nvidia,
NLP,2024,Nvidia,Nemotron-4 340B Technical Report,./files/NLP/[2024 @nvidia Nvidia] Nemotron-4 340B Technical Report.pdf,,nvidia,
NLP,2024,Liao,TPO_Aligning Large Language Models with Multi-branch & Multi-step Preference Trees,./files/NLP/[2024 @pku Liao] TPO_Aligning Large Language Models with Multi-branch & Multi-step Preference Trees.pdf,,pku,
NLP,2024,Hewitt,Instruction Following without Instruction Tuning,./files/NLP/[2024 @stanford Hewitt] Instruction Following without Instruction Tuning.pdf,,stanford,
NLP,2024,Sun,Learning to (Learn at Test Time)_RNNs with Expressive Hidden States,./files/NLP/[2024 @stanford Sun] Learning to (Learn at Test Time)_RNNs with Expressive Hidden States.pdf,,stanford,
NLP,2024,Chen,Octopus v2_On-device language model for super agent,./files/NLP/[2024 Chen] Octopus v2_On-device language model for super agent.pdf,,,
NLP,2024,Doan,Vintern-1B_An Efficient Multimodal Large Language Model for Vietnamese,./files/NLP/[2024 Doan] Vintern-1B_An Efficient Multimodal Large Language Model for Vietnamese.pdf,,,
NLP,2024,Du,Understanding Emergent Abilities of Language Models from the Loss Perspective,./files/NLP/[2024 Du] Understanding Emergent Abilities of Language Models from the Loss Perspective.pdf,,,
NLP,2024,Durante,Agent AI_Surveying the Horizons of Multimodal Interaction,./files/NLP/[2024 Durante] Agent AI_Surveying the Horizons of Multimodal Interaction.pdf,,,
NLP,2024,Edge,From Local to Global_A Graph RAG Approach to Query-Focused Summarization,./files/NLP/[2024 Edge] From Local to Global_A Graph RAG Approach to Query-Focused Summarization.pdf,,,
NLP,2024,Fan,A Survey on RAG Meeting LLMs_Towards Retrieval-Augmented Large Language Models,./files/NLP/[2024 Fan] A Survey on RAG Meeting LLMs_Towards Retrieval-Augmented Large Language Models.pdf,,,
NLP,2024,Gao,Higher Layers Need More LoRA Experts,./files/NLP/[2024 Gao] Higher Layers Need More LoRA Experts.pdf,,,
NLP,2024,He,Zero-Shot Cross-Lingual Document-Level Event Causality Identification with Heterogeneous Graph Contrastive Transfer Learning,./files/NLP/[2024 He] Zero-Shot Cross-Lingual Document-Level Event Causality Identification with Heterogeneous Graph Contrastive Transfer Learning.pdf,,,
NLP,2024,Ji,Aligner_Achieving Efficient Alignment through Weak-to-Strong Correction,./files/NLP/[2024 Ji] Aligner_Achieving Efficient Alignment through Weak-to-Strong Correction.pdf,,,
NLP,2024,Laurencon,Building and better understanding vision-language models_insights and future directions,./files/NLP/[2024 Laurencon] Building and better understanding vision-language models_insights and future directions.pdf,,,
NLP,2024,Lesci,Causal Estimation of Memorisation Profiles,./files/NLP/[2024 Lesci] Causal Estimation of Memorisation Profiles.pdf,,,
NLP,2024,Ni,DIRAS_Efficient LLM Annotation of Document Relevance for Retrieval Augmented Generation,./files/NLP/[2024 Ni] DIRAS_Efficient LLM Annotation of Document Relevance for Retrieval Augmented Generation.pdf,,,
NLP,2024,Ning,User-LLM_Efficient LLM Contextualization with User Embeddings,./files/NLP/[2024 Ning] User-LLM_Efficient LLM Contextualization with User Embeddings.pdf,,,
NLP,2024,Peng,Graph Retrieval-Augmented Generation_A Survey,./files/NLP/[2024 Peng] Graph Retrieval-Augmented Generation_A Survey.pdf,,,
NLP,2024,Sarthi,RAPTOR_Recursive Abstractive Processing for Tree-Organized Retrieval,./files/NLP/[2024 Sarthi] RAPTOR_Recursive Abstractive Processing for Tree-Organized Retrieval.pdf,,,
NLP,2024,Sprague,To CoT or not to CoT? Chain-of-thought helps mainly on math and symbolic reasoning,./files/NLP/[2024 Sprague] To CoT or not to CoT? Chain-of-thought helps mainly on math and symbolic reasoning.pdf,,,
NLP,2024,Tam,Let Me Speak Freely. A Study on the Impact of Format Restrictions on Performance of Large Language Model,./files/NLP/[2024 Tam] Let Me Speak Freely. A Study on the Impact of Format Restrictions on Performance of Large Language Model.pdf,,,
NLP,2024,Wallace,The Instruction Hierarchy_Training LLMs to Prioritize Privileged Instructions,./files/NLP/[2024 Wallace] The Instruction Hierarchy_Training LLMs to Prioritize Privileged Instructions.pdf,,,
NLP,2024,Wang,One Prompt is not Enough_Automated Construction of a Mixture-of-Expert Prompts,./files/NLP/[2024 Wang] One Prompt is not Enough_Automated Construction of a Mixture-of-Expert Prompts.pdf,,,
NLP,2024,Wang,SeaEval for Multilingual Foundation Models_From Cross-Lingual Alignment to Cultural Reasoning,./files/NLP/[2024 Wang] SeaEval for Multilingual Foundation Models_From Cross-Lingual Alignment to Cultural Reasoning.pdf,,,
NLP,2024,Zhang,In-Context Principle Learning from Mistakes,./files/NLP/[2024 Zhang] In-Context Principle Learning from Mistakes.pdf,,,
NLP,2024,Zhang,RAFT_Adapting Language Model to Domain Specific RAG,./files/NLP/[2024 Zhang] RAFT_Adapting Language Model to Domain Specific RAG.pdf,,,
NLP,2024,Zhang,Rethinking the Evaluation of Pre-trained Text-and-Layout Models from an Entity-Centric Perspective,./files/NLP/[2024 Zhang] Rethinking the Evaluation of Pre-trained Text-and-Layout Models from an Entity-Centric Perspective.pdf,,,
NLP,2024,Zhao,A Survey of Large Language Models,./files/NLP/[2024 Zhao] A Survey of Large Language Models.pdf,,,
NLP,2024,lee,Quantifying Positional Biases in Text Embedding Models,./files/NLP/[2024 lee] Quantifying Positional Biases in Text Embedding Models.pdf,,,
NLP,2025,Muennighoff,OLMoE_Open Mixture-of-Experts Language Models,./files/NLP/[2025 @iclr Muennighoff] OLMoE_Open Mixture-of-Experts Language Models.pdf,,iclr,
NLP,2025,Golovneva,Multi-Token Attention,./files/NLP/[2025 @meta Golovneva] Multi-Token Attention.pdf,,meta,
NLP,2025,Casper,The AI Agent Index,./files/NLP/[2025 Casper] The AI Agent Index.pdf,,,
NLP,2025,Cetin,An Evolved Universal Transformer Memory,./files/NLP/[2025 Cetin] An Evolved Universal Transformer Memory.pdf,,,
NLP,2025,DeepSeek,DeepSeek_R1,./files/NLP/[2025 DeepSeek] DeepSeek_R1.pdf,,,
NLP,2025,Li,From System 1 to System 2_A Survey of Reasoning Large Language Models,./files/NLP/[2025 Li] From System 1 to System 2_A Survey of Reasoning Large Language Models.pdf,,,
NLP,2025,Wu,CollabLLM_From Passive Responders to Active Collaborators,./files/NLP/[2025 Wu] CollabLLM_From Passive Responders to Active Collaborators.pdf,,,
UNSORTED,2023,Liu,iTransformer_Inverted Transformers Are Effective for Time Series Forecasting,./files/UNSORTED/[2023 Liu] iTransformer_Inverted Transformers Are Effective for Time Series Forecasting.pdf,,,
UNSORTED,2024,HAI,AI Index Report 2024,./files/UNSORTED/[2024 @stanford HAI] AI Index Report 2024.pdf,,stanford,
